run,case,load_mode,lazy_mode,cpu_moe_layers,cache_type_k,cache_type_v,draft_n_max,native_uid,fresh_speed_repeats,actual_speed_input_tokens,fresh_prefill_median,fresh_decode_median,actual_quality_input_tokens,quality_pass,quality_trials,physical_context
iq3-author32-accept-20261005,author-control,mmap,on,99,q8_0,q8_0,,,3,[8192],183.06861980384127,26.728225623465935,"[8192, 16384]",2,2,32768
iq3-author32-accept-20261005,author-cpu-mtp1,mmap,on,99,q8_0,q8_0,1,,3,[8192],174.22792168335818,25.350973311179924,"[8192, 16384]",2,2,32768
iq3-cache96-accept-20261005,cache96-control,mmap,on,99,q8_0,q8_0,,,3,[8192],192.69583066628067,29.884952873593203,"[8192, 16384]",2,2,32768
iq3-cache96-t14-u4096-accept-r1-20261005,cache96-t14-u4096-control,mmap,on,99,q8_0,q8_0,,,3,[8192],594.2954743949841,31.85751176125095,"[8192, 16384]",2,2,32768
guided-speed175-20261005,baseline96,mmap,on,99,q8_0,q8_0,,,1,[8192],582.2138225748861,31.970071508478735,[8192],1,1,32768
guided-speed175-20261005,batch8192-cache96,mmap,on,99,q8_0,q8_0,,,1,[8192],722.2901181595039,30.618673364186886,[8192],1,1,32768
guided-speed175-20261005,overlap-cache112,mmap,on,99,q8_0,q8_0,,,1,[8192],580.622709350563,26.774397200121115,[8192],1,1,32768
guided-speed175-20261005,gpu-mtp2-cache96,mmap,on,99,q8_0,q8_0,2,,1,[8192],550.104574933416,36.48682304447765,[8192],1,1,32768
guided-speed175-followup-20261005,batch8192-cache80,mmap,on,99,q8_0,q8_0,,,3,[8192],746.4371566794554,30.833662587773365,"[8192, 16384, 28672]",3,3,32768
guided-speed175-followup-20261005,gpu-mtp2-cache64,mmap,on,99,q8_0,q8_0,2,,3,[8192],562.7416399000309,36.174186850647686,"[8192, 16384, 28672]",3,3,32768
guided-speed175-followup-20261005,hybrid-mtp2-b8192-cache72,mmap,on,99,q8_0,q8_0,2,,3,[8192],674.4256905474448,29.5254599890438,"[8192, 16384, 28672]",3,3,32768
guided-speed175-native-profile-20261005,batch8192-cache80,mmap,on,99,q8_0,q8_0,,,3,[16384],733.1727370004143,29.203512765392635,"[8192, 16384, 28672]",3,3,32768
guided-speed175-native-profile-20261005,batch8192-cache80-t16,mmap,on,99,q8_0,q8_0,,,3,[16384],732.2747410445177,29.0464224357068,"[8192, 16384, 28672]",3,3,32768
guided-speed175-native-profile-20261005,batch16384-cache16-t16,mmap,on,99,q8_0,q8_0,,,3,[16384],859.3896130722056,26.63710972659535,"[8192, 16384, 28672]",3,3,32768
guided-speed175-finalist-20261005,batch8192-cache80,mmap,on,99,q8_0,q8_0,,,5,[8192],742.5669429719103,31.145525731903096,"[8192, 16384, 28672]",3,3,32768
placement-speed175-20261005,placement-control-mmap,mmap,on,99,q8_0,q8_0,,,3,[8192],745.5191496130981,31.19988023153608,"[8192, 16384, 28672]",3,3,32768
placement-speed175-r2-20261005,placement-none-lazy,none,on,99,q8_0,q8_0,,,3,[8192],792.4139519411384,30.265632154586665,"[8192, 16384, 28672]",3,3,32768
prefill-path175-20261005,uncached-cpu99,mmap,on,99,q8_0,q8_0,,,3,[8192],1085.4858536361724,28.181056726757575,[8192],1,1,32768
prefill-hybrid175-20261005,uncached-hybrid38,mmap,on,38,q8_0,q8_0,,,3,[8192],1006.2681712046389,30.882236603983785,"[8192, 16384, 28672]",3,3,32768
prefill-hybrid175-20261005,uncached-hybrid42-mtp2,mmap,on,42,q8_0,q8_0,2,,3,[8192],1049.7357144257548,38.0964735414027,"[8192, 16384, 28672]",3,3,32768
prefill-dma175-20261005,uncached-hybrid42-mtp2-pinned,none,on,42,q8_0,q8_0,2,,3,[8192],1201.5310133459118,38.253490836904035,"[8192, 16384, 28672]",3,3,32768
prefill-kv175-20261005,pinned-hybrid43-mtp3-q8,none,on,43,q8_0,q8_0,3,970,3,[8192],1174.1168575920371,30.46836676973243,"[8192, 16384, 28672]",3,3,32768
prefill-kv175-20261005,pinned-hybrid43-mtp3-f16,none,on,43,f16,f16,3,970,3,[8192],1198.3775676358478,32.56578144460404,"[8192, 16384, 28672]",3,3,32768
prefill-finalist175-20261005,pinned-hybrid43-mtp2-q8,none,on,43,q8_0,q8_0,2,970,5,[8192],1197.6697487071908,32.878562546671795,"[8192, 16384, 28672]",3,3,32768
prefill-finalist175-20261005,pinned-hybrid43-mtp2-f16,none,on,43,f16,f16,2,970,5,[8192],1197.900398793209,35.97140280516403,"[8192, 16384, 28672]",3,3,32768
prefill-mtp1-finalist175-20261005,pinned-hybrid43-mtp1-f16,none,on,43,f16,f16,1,970,5,[8192],1197.6678226188458,34.128685313618575,"[8192, 16384, 28672]",3,3,32768
