actual_input_tokens,allocation_control_run,allocation_only_decode_change_pct,allocation_only_prefill_change_pct,batch,context,cpu_moe,decode_median_tps,decode_min_tps,fraction,fresh_prefill_median_tps,kv,longer_input_decode_change_pct,longer_input_prefill_change_pct,native_thinking_on,natural_quality_decode_median_tps,natural_quality_first_answer_median_seconds,natural_quality_prefill_median_tps,prefill_min_tps,quality_passes,quality_repeats,run,sampled_interval_seconds_median,sampled_nvme_read_mib_median,sampled_pgfault_delta_median,sampled_pgmajfault_delta_median,sampled_pswpin_delta_median,sampled_pswpout_delta_median,sampled_ram_min_available_gib,sampled_vram_min_free_mib,sampled_vram_peak_mib,speed_pass,speed_repeats,ubatch
8192,context176-32768-cpu48-q8-u2048-control-20261005,-0.7025068204122631,-0.2629836653796458,8192,262144,48,31.796648795000348,31.796648795000348,0.03125,665.8102379052465,q8_0,0.0,0.0,True,,,,665.8102379052465,0,0,context176-262144-cpu48-q8-u2048-20261005,28.39497934503015,67.9921875,1230765,16658,879,1152,25.149192810058594,2395,21732,False,1,2048
65536,,,,8192,262144,48,27.07132451673447,27.07132451673447,0.25,608.1173515052932,q8_0,-14.86107642579264,-8.665064475647755,True,28.494384948086793,115.33334618411027,606.5993428649044,608.1173515052932,1,1,context176-262144-cpu48-q8-u2048-20261005,126.67629200499505,45.734375,4203233,7977,4388,4333,25.149192810058594,2395,21732,False,1,2048
131072,,,,8192,262144,48,21.998484386220547,21.998484386220547,0.5,509.26059376905414,q8_0,-30.815085174386205,-23.512651987557966,True,23.168461311125466,268.3980342509458,508.0853492524313,509.26059376905414,1,1,context176-262144-cpu48-q8-u2048-20261005,281.5282582050422,47.75390625,9049719,5008,8632,8624,25.149192810058594,2395,21732,False,1,2048
196608,,,,8192,262144,48,18.087611363140088,18.087611363140088,0.75,434.19881566425056,q8_0,-43.11472419702245,-34.786401448209226,True,19.96212441882169,466.8974386010086,433.62171812442796,434.19881566425056,1,1,context176-262144-cpu48-q8-u2048-20261005,482.7166363579454,412.7109375,15491994,29161,62092,61363,25.149192810058594,2395,21732,False,1,2048
235929,,,,8192,262144,48,15.796551788948673,15.796551788948673,0.8999977111816406,402.4505334418032,q8_0,-50.320073380083706,-39.55476943280689,True,19.37806551488516,597.7256108259317,402.1074549047437,402.4505334418032,1,1,context176-262144-cpu48-q8-u2048-20261005,620.6136107720667,222.40234375,19665509,22546,51262,50477,25.149192810058594,2395,21732,False,1,2048
8192,,,,8192,32768,43,33.04676207372506,31.559866472737152,0.25,1197.2780048250654,q8_0,0.0,0.0,True,37.76776619932123,11.05291939608287,1182.4168039441222,1045.0923143615228,1,1,context176-32768-cpu43-q8-20261005,22.32538289099466,9.64453125,748608,548,870,748,36.13609313964844,3039,21088,True,3,8192
16384,,,,8192,32768,43,34.88936725025904,33.970471350594146,0.5,1157.2891913399394,q8_0,5.575751029475295,-3.339977292155194,True,40.11986154497436,18.423182263970375,1150.0749542258375,1151.6589469996488,1,1,context176-32768-cpu43-q8-20261005,28.813843647018075,25.4375,934904,5613,1055,1896,36.13609313964844,3039,21088,True,3,8192
24576,,,,8192,32768,43,32.5844686990788,30.992513094336786,0.75,1119.907272261142,q8_0,-1.3989067177441528,-6.462219488883713,True,37.8525035611907,27.11626453406643,1113.2895313819358,1117.6862802508301,1,1,context176-32768-cpu43-q8-20261005,37.65076681296341,1.0,1235881,235,112,155,36.13609313964844,3039,21088,True,3,8192
29491,,,,8192,32768,43,31.55023272464229,30.882397112211823,0.899993896484375,1074.890423393692,q8_0,-4.528520360766719,-10.222152327040835,True,36.44386383451122,32.452141942922026,1070.546008957215,1073.671773976928,1,1,context176-32768-cpu43-q8-20261005,43.65753088600468,6.9921875,1502672,307,1284,1165,36.13609313964844,3039,21088,True,3,8192
8192,,,,8192,32768,48,32.45337478897368,30.914182592108837,0.25,1164.9298660174231,q8_0,0.0,0.0,True,35.539824549315135,11.538166697020642,1150.7310133948067,1015.5498634735029,1,1,context176-32768-cpu48-q8-control-20261005,22.80026871699374,2.96875,722610,189,674,744,32.17051696777344,7841,16286,True,3,8192
8192,,,,8192,32768,48,32.94883143197298,30.212648563752175,0.25,498.8835106393668,q8_0,0.0,0.0,True,38.281629797853505,21.343371169059537,490.15583748557714,466.3847179755897,1,1,context176-32768-cpu48-q8-u1024-control-20261005,31.950664389994927,5.16015625,993282,183,1059,1110,34.639747619628906,14523,9604,False,3,1024
8192,,,,8192,32768,48,32.02160273824182,32.02160273824182,0.25,667.5658269858759,q8_0,0.0,0.0,True,35.646126284533615,16.492261828039773,715.8510142067415,667.5658269858759,1,1,context176-32768-cpu48-q8-u2048-control-20261005,28.250365322921425,66.296875,1218054,16528,204,0,34.35333251953125,13751,10376,False,1,2048
8192,,,,8192,40960,44,33.197776827393064,33.197776827393064,0.2,1040.9771664860755,f16,0.0,0.0,True,,,,1040.9771664860755,0,0,context176-40960-cpu44-f16-u8192-screen-20261005,23.282604935928248,68.76953125,1148350,17102,176,0,34.31377410888672,2455,21672,True,1,8192
36864,,,,8192,40960,44,28.029076519269196,28.029076519269196,0.9,1033.9626030558272,f16,-15.569416997402453,-0.6738441203207768,True,33.44201538845126,42.41083877708297,1032.7795730858384,1033.9626030558272,1,1,context176-40960-cpu44-f16-u8192-screen-20261005,53.912165055051446,45.11328125,1953423,9489,219,161,34.31377410888672,2455,21672,False,1,8192
8192,,,,8192,45056,45,31.54761096301089,31.54761096301089,0.18181818181818182,1031.7232221099093,f16,0.0,0.0,True,,,,1031.7232221099093,0,0,context176-45056-cpu45-f16-u8192-screen-20261005,24.159199045039713,63.2421875,1162754,16190,2,0,33.01931381225586,2475,21652,True,1,8192
40550,,,,8192,45056,45,30.81400593655041,30.81400593655041,0.8999911221590909,1027.0253814316548,f16,-2.3253901137573307,-0.45533923998021253,True,34.87461561888047,46.26772591099143,1027.0442924058673,1027.0253814316548,1,1,context176-45056-cpu45-f16-u8192-screen-20261005,56.093192414031364,34.09765625,1973654,8292,315,971,33.01931381225586,2475,21652,True,1,8192
8192,,,,8192,47104,45,31.798245545803194,31.798245545803194,0.17391304347826086,1032.7599994099955,f16,0.0,0.0,True,,,,1032.7599994099955,0,0,context176-47104-cpu45-f16-u8192-screen-20261005,24.02268836204894,64.78125,1175786,16281,24,0,32.87673568725586,2165,21962,True,1,8192
42393,,,,8192,47104,45,28.125871365364095,28.125871365364095,0.8999872622282609,995.0634823884114,f16,-11.548983654300349,-3.650075239467032,True,33.017195636484885,50.68830344895832,992.4323899142855,995.0634823884114,1,1,context176-47104-cpu45-f16-u8192-screen-20261005,60.79850536107551,33.796875,2156160,8651,7,0,32.87673568725586,2165,21962,False,1,8192
8192,,,,8192,49152,46,30.271037749228086,30.271037749228086,0.16666666666666666,1028.9616530912058,f16,0.0,0.0,True,,,,1028.9616530912058,0,0,context176-49152-cpu46-f16-u8192-screen-20261005,24.862238204921596,69.5390625,1142219,17439,14,0,31.799896240234375,2817,21310,True,1,8192
44236,,,,8192,49152,46,28.182926496335533,28.182926496335533,0.8999837239583334,989.9301306615572,f16,-6.898049780093185,-3.793292229345002,True,30.348185758176104,49.935837459983304,989.8347710320143,989.9301306615572,1,1,context176-49152-cpu46-f16-u8192-screen-20261005,62.84512952505611,45.5546875,2240876,9162,52,0,31.799896240234375,2817,21310,False,1,8192
8192,,,,8192,65536,48,32.834208387476046,32.834208387476046,0.125,1019.9571448670333,f16,0.0,0.0,True,,,,1019.9571448670333,0,0,context176-65536-cpu48-f16-u8192-screen-20261005,23.614719840930775,63.28515625,1087418,15957,16,44,28.43956756591797,2257,21870,True,1,8192
58982,,,,8192,65536,48,28.26777091311649,28.26777091311649,0.899993896484375,920.8173714659114,f16,-13.907560738090863,-9.719994011517642,True,28.910823142052422,75.10889561707154,920.7032860624892,920.8173714659114,1,1,context176-65536-cpu48-f16-u8192-screen-20261005,82.16128324298188,33.41796875,2839062,7486,14,296,28.43956756591797,2257,21870,False,1,8192
