actual_input_tokens,batch,context,cpu_moe,decode_median_tps,decode_min_tps,depth_anchor_run,depth_comparison_restarted_server,engine_commit,exploratory,f16_vs_q8_decode_change_pct,f16_vs_q8_prefill_change_pct,fraction,fresh_prefill_median_tps,input_token_sha256,kv,longer_input_decode_change_pct,longer_input_prefill_change_pct,matched_q8_control_run,mtp,prefill_min_tps,quality_pass,quality_passes,quality_repeats,run,sampled_interval_seconds_median,sampled_nvme_read_mib_median,sampled_pgfault_delta_median,sampled_pgmajfault_delta_median,sampled_pswpin_delta_median,sampled_pswpout_delta_median,sampled_ram_min_available_gib,sampled_vram_min_free_mib,sampled_vram_peak_mib,speed_repeats,target_speed_pass,ubatch
8192,8192,32768,43,30.142324861590104,30.142324861590104,control32-noMTP,False,27c54b4bbcefadedcec6397477cc2e866c1db716,True,,,0.25,1156.42284759527,baa5510a958bdb9972e4e4fc3f6427a40701053042ade79eb9b7e73f1791de31,f16,0.0,0.0,,False,1156.42284759527,True,1,1,control32-noMTP,24.058031626045704,60.3046875,742279,15050,2,0,39.42023849487305,7859,16268,1,True,8192
28672,8192,32768,43,27.576280254444338,27.576280254444338,control32-noMTP,False,27c54b4bbcefadedcec6397477cc2e866c1db716,True,,,0.875,1154.1154265970392,eab266f2d9bc6ee360c81ab6177085a436334063ad5c0251766de3421d1528d4,f16,-8.513094523825659,-0.19953090714429633,,False,1154.1154265970392,True,1,1,control32-noMTP,43.628960178932175,20.8671875,1424154,5308,18,0,39.42023849487305,7859,16268,1,False,8192
8192,8192,262144,43,31.894790881585127,31.894790881585127,upstream256-cpu43-u2048-noMTP,False,8345f333951c661d166b00e6f9362e553768f292,True,,,0.03125,818.4849715288723,baa5510a958bdb9972e4e4fc3f6427a40701053042ade79eb9b7e73f1791de31,f16,0.0,0.0,,False,818.4849715288723,True,1,1,upstream256-cpu43-u2048-noMTP,26.049853031057864,91.16796875,798399,302,0,0,32.96382522583008,2789,21338,1,False,2048
131072,8192,262144,43,29.77714053790569,29.77714053790569,upstream256-cpu43-u2048-noMTP,False,8345f333951c661d166b00e6f9362e553768f292,True,,,0.5,738.9676288687983,f80d502c12228c3f16a2ec6a752fccd3523f5ffd3403b839d7767397ddfeb5db,f16,-6.639486527883431,-9.715186646804419,,False,738.9676288687983,True,1,1,upstream256-cpu43-u2048-noMTP,194.83811602299102,54.59375,5264208,1400,1490,0,32.96382522583008,2789,21338,1,False,2048
235929,8192,262144,43,28.30228233260211,28.30228233260211,upstream256-cpu43-u2048-noMTP,False,8345f333951c661d166b00e6f9362e553768f292,True,,,0.8999977111816406,695.0425769809831,6945518a0f22640c75ce148211a7c5e064402e7a69fb5fe526f95d3b5221fef1,f16,-11.263621581093975,-15.08181565231521,,False,695.0425769809831,True,1,1,upstream256-cpu43-u2048-noMTP,359.22514026402496,48.23828125,10422047,1308,1594,0,32.96382522583008,2789,21338,1,False,2048
235929,8192,262144,46,27.393347672937796,27.393347672937796,upstream256-cpu46-u4096-short179,True,8345f333951c661d166b00e6f9362e553768f292,True,,,0.8999977111816406,905.7578305338382,6945518a0f22640c75ce148211a7c5e064402e7a69fb5fe526f95d3b5221fef1,f16,-10.03126701362762,-15.097830040803128,,False,905.7578305338382,True,1,1,upstream256-cpu46-u4096-deep179,279.1917669790564,77.890625,7327990,111,14,0,28.79206085205078,2077,22050,1,False,4096
8192,8192,262144,46,30.44763081979501,30.44763081979501,upstream256-cpu46-u4096-short179,False,8345f333951c661d166b00e6f9362e553768f292,True,,,0.03125,1066.825301366427,baa5510a958bdb9972e4e4fc3f6427a40701053042ade79eb9b7e73f1791de31,f16,0.0,0.0,,False,1066.825301366427,True,1,1,upstream256-cpu46-u4096-short179,24.482663432019763,60.21484375,766032,28,0,0,35.69247055053711,2269,21858,1,True,4096
8192,8192,262144,48,29.549069062650908,29.549069062650908,upstream256-f16-noMTP,False,8345f333951c661d166b00e6f9362e553768f292,True,2.196542481355035,0.011690246042017627,0.03125,1046.628366950563,baa5510a958bdb9972e4e4fc3f6427a40701053042ade79eb9b7e73f1791de31,f16,0.0,0.0,upstream256-noMTP,False,1046.628366950563,True,1,1,upstream256-f16-noMTP,25.141173993004486,88.36328125,853151,290,3,0,26.788776397705078,3999,20128,1,False,4096
131072,8192,262144,48,28.059612454470397,28.059612454470397,upstream256-f16-noMTP,False,8345f333951c661d166b00e6f9362e553768f292,True,34.58753028626078,0.2270517463775823,0.5,962.9052209302617,f80d502c12228c3f16a2ec6a752fccd3523f5ffd3403b839d7767397ddfeb5db,f16,-5.040621093756004,-7.9993194016167894,upstream256-noMTP,False,962.9052209302617,True,1,1,upstream256-f16-noMTP,154.64231901499443,27.12109375,4148160,72,4,0,26.788776397705078,3999,20128,1,False,4096
235929,8192,262144,48,26.778338451786517,26.778338451786517,upstream256-f16-noMTP,False,8345f333951c661d166b00e6f9362e553768f292,True,59.72315180729155,0.39687136076533847,0.8999977111816406,898.3678122583424,6945518a0f22640c75ce148211a7c5e064402e7a69fb5fe526f95d3b5221fef1,f16,-9.376710328808658,-14.165539495569945,upstream256-noMTP,False,898.3678122583424,True,1,1,upstream256-f16-noMTP,283.43641609698534,14.1640625,8373894,78,23,0,26.788776397705078,3999,20128,1,False,4096
8192,8192,262144,48,28.913961612783435,28.913961612783435,upstream256-noMTP,False,8345f333951c661d166b00e6f9362e553768f292,True,,,0.03125,1046.5060278210663,baa5510a958bdb9972e4e4fc3f6427a40701053042ade79eb9b7e73f1791de31,q8_0,0.0,0.0,,False,1046.5060278210663,True,1,1,upstream256-noMTP,25.5212624669075,90.02734375,810798,297,6,0,27.668502807617188,7595,16532,1,False,4096
131072,8192,262144,48,20.84859748506347,20.84859748506347,upstream256-noMTP,False,8345f333951c661d166b00e6f9362e553768f292,True,,,0.5,960.7238805815349,f80d502c12228c3f16a2ec6a752fccd3523f5ffd3403b839d7767397ddfeb5db,q8_0,-27.894358565358644,-8.197004599977188,,False,960.7238805815349,True,1,1,upstream256-noMTP,161.20016677991953,33.62109375,4361358,99,14,0,27.668502807617188,7595,16532,1,False,4096
235929,8192,262144,48,16.76547084676553,16.76547084676553,upstream256-noMTP,False,8345f333951c661d166b00e6f9362e553768f292,True,,,0.8999977111816406,894.8165416730511,6945518a0f22640c75ce148211a7c5e064402e7a69fb5fe526f95d3b5221fef1,q8_0,-42.01600226461812,-14.494850685556804,,False,894.8165416730511,True,1,1,upstream256-noMTP,295.3593160659075,16.265625,8090970,80,31,0,27.668502807617188,7595,16532,1,False,4096
8192,8192,32768,43,32.13864169773036,32.13864169773036,upstream32-noMTP,False,8345f333951c661d166b00e6f9362e553768f292,True,,,0.25,1334.0103262039559,baa5510a958bdb9972e4e4fc3f6427a40701053042ade79eb9b7e73f1791de31,f16,0.0,0.0,,False,1334.0103262039559,True,1,1,upstream32-noMTP,22.061404600040987,85.55078125,690646,261,15,0,39.36127471923828,9395,14732,1,True,8192
28672,8192,32768,43,31.4175706237476,31.4175706237476,upstream32-noMTP,False,8345f333951c661d166b00e6f9362e553768f292,True,,,0.875,1253.311350261575,eab266f2d9bc6ee360c81ab6177085a436334063ad5c0251766de3421d1528d4,f16,-2.243626475457672,-6.049351669714353,,False,1253.311350261575,True,1,1,upstream32-noMTP,39.39358834398445,21.453125,1161126,23,0,0,39.36127471923828,9395,14732,1,True,8192
